"ID";"IDTSOLI";"IDTGASTO";"TIPO";"CUENTA";"DESC_CUENTA"
1;"01";"1";"2";"7110301";"Mantenimiento de Edificios"
2;"01";"2";"2";"7110302";"Gastos Refacción Casa"
3;"01";"3";"2";"7110305";"Seguros"
4;"01";"4";"2";"7110306";"Energía Eléctrica"
5;"01";"5";"2";"7110307";"Agua"
6;"01";"6";"2";"7110308";"Alquileres Pagados"
7;"01";"7";"2";"7110308";"Alquileres Pagados"
8;"01";"8";"2";"7110314";"Impuestos"
9;"01";"9";"2";"7110312";"Servicio de Limpieza"
10;"01";"10";"2";"7110313";"Servicios de Seguridad"
11;"01";"11";"2";"7111108";"Otros Gastos Administrativos"
12;"01";"12";"2";"7111108";"Otros Gastos Administrativos"
13;"01";"13";"2";"7111001";"Transporte Público"
14;"01";"1";"3";"7131108";"Otros Gastos Almacen Distribución"
15;"01";"2";"3";"7130302";"Gastos Refacción Casa"
16;"01";"3";"3";"7131108";"Otros Gastos Almacen Distribución"
17;"01";"4";"3";"7131108";"Otros Gastos Almacen Distribución"
18;"01";"5";"3";"7131108";"Otros Gastos Almacen Distribución"
19;"01";"6";"3";"7130308";"Alquileres Pagados"
20;"01";"7";"3";"7130308";"Alquileres Pagados"
21;"01";"8";"3";"7131108";"Otros Gastos Almacen Distribución"
22;"01";"9";"3";"7131108";"Otros Gastos Almacen Distribución"
23;"01";"10";"3";"7131108";"Otros Gastos Almacen Distribución"
24;"01";"11";"3";"7130309";"Material de Consumo y Limpieza"
25;"01";"12";"3";"7131108";"Otros Gastos Almacen Distribución"
26;"01";"13";"3";"7131001";"Transporte Público"
27;"01";"1";"5";"7141108";"Otros Gastos Servicios"
28;"01";"2";"5";"7140302";"Gastos Refacción Casa"
29;"01";"3";"5";"7141108";"Otros Gastos Servicios"
30;"01";"4";"5";"7141108";"Otros Gastos Servicios"
31;"01";"5";"5";"7141108";"Otros Gastos Servicios"
32;"01";"6";"5";"7140308";"Alquileres Pagados"
33;"01";"7";"5";"7140308";"Alquileres Pagados"
34;"01";"8";"5";"7140314";"Impuestos"
35;"01";"9";"5";"7141108";"Otros Gastos Servicios"
36;"01";"10";"5";"7141108";"Otros Gastos Servicios"
37;"01";"11";"5";"7141108";"Otros Gastos Servicios"
38;"01";"12";"5";"7141108";"Otros Gastos Servicios"
39;"01";"13";"5";"7141001";"Combustible"
40;"01";"1";"1";"6121205";"Otros"
41;"01";"2";"1";"6121205";"Otros"
42;"01";"3";"1";"6121205";"Otros"
43;"01";"4";"1";"6121205";"Otros"
44;"01";"5";"1";"6121205";"Otros"
45;"01";"6";"1";"6121308";"Alquileres Pagados"
46;"01";"7";"1";"6121308";"Alquileres Pagados"
47;"01";"8";"1";"6121314";"Impuestos"
48;"01";"9";"1";"6121205";"Otros"
49;"01";"10";"1";"6121205";"Otros"
50;"01";"11";"1";"6121309";"Material de Consumo y Limpieza"
51;"01";"12";"1";"6121205";"Otros"
52;"01";"13";"1";"6120401";"Transporte Público"
53;"01";"1";"4";"5210723";"Rep y Mant de Terrenos, Edificio e Instalaciones"
54;"01";"2";"4";"5210723";"Rep y Mant de Terrenos, Edificio e Instalaciones"
55;"01";"3";"4";"5210728";"Seguros en General"
56;"01";"4";"4";"5210704";"Energia eléctrica"
57;"01";"5";"4";"5210705";"Agua"
58;"01";"6";"4";"5210736";"Otros Gastos Menores (Adm.)"
59;"01";"7";"4";"5210105";"Almacenamiento Zona Franca"
60;"01";"8";"4";"5210720";"Impuesto Bienes Inmuebles"
61;"01";"9";"4";"5210714";"Aseo y Limpieza"
62;"01";"10";"4";"5210736";"Otros Gastos Menores (Adm.)"
63;"01";"11";"4";"5210714";"Aseo y Limpieza"
64;"01";"12";"4";"5210736";"Otros Gastos Menores (Adm.)"
65;"01";"13";"4";"5210715";"Transporte del Personal"
66;"01";"1";"6";"7151108";"Otros Gastos Almacen Distribución"
67;"01";"2";"6";"7150302";"Gastos Refacción Casa"
68;"01";"3";"6";"7151108";"Otros Gastos Almacen Distribución"
69;"01";"4";"6";"7151108";"Otros Gastos Almacen Distribución"
70;"01";"5";"6";"7151108";"Otros Gastos Almacen Distribución"
71;"01";"6";"6";"7150308";"Alquileres Pagados"
72;"01";"7";"6";"7150308";"Alquileres Pagados"
73;"01";"8";"6";"7151108";"Otros Gastos Almacen Distribución"
74;"01";"9";"6";"7151108";"Otros Gastos Almacen Distribución"
75;"01";"10";"6";"7151108";"Otros Gastos Almacen Distribución"
76;"01";"11";"6";"7150309";"Material de Consumo y Limpieza"
77;"01";"12";"6";"7151108";"Otros Gastos Almacen Distribución"
78;"01";"13";"6";"7151001";"Transporte Público"
79;"01";"1";"CO";"0";"-"
80;"01";"2";"CO";"0";"-"
81;"01";"3";"CO";"0";"-"
82;"01";"4";"CO";"0";"-"
83;"01";"5";"CO";"0";"-"
84;"01";"6";"CO";"0";"-"
85;"01";"7";"CO";"0";"-"
86;"01";"8";"CO";"0";"-"
87;"01";"9";"CO";"0";"-"
88;"01";"10";"CO";"0";"-"
89;"01";"11";"CO";"0";"-"
90;"01";"12";"CO";"0";"-"
91;"01";"13";"CO";"5830602";"Transporte local"
92;"01";"1";"CS";"0";"-"
93;"01";"2";"CS";"0";"-"
94;"01";"3";"CS";"0";"-"
95;"01";"4";"CS";"0";"-"
96;"01";"5";"CS";"0";"-"
97;"01";"6";"CS";"0";"-"
98;"01";"7";"CS";"0";"-"
99;"01";"8";"CS";"0";"-"
100;"01";"9";"CS";"0";"-"
101;"01";"10";"CS";"0";"-"
102;"01";"11";"CS";"0";"-"
103;"01";"12";"CS";"0";"-"
104;"01";"13";"CS";"5820601";"Transporte local"
105;"01";"1";"PY";"6821410";"Mantenimiento inmuebles"
106;"01";"2";"PY";"6821401";"Gastos refacción casa"
107;"01";"3";"PY";"0";"-"
108;"01";"4";"PY";"6821404";"Energía eléctrica"
109;"01";"5";"PY";"6821405";"Agua"
110;"01";"6";"PY";"6821402";"Alquiler de Inmuebles"
111;"01";"7";"PY";"6821403";"Alquiler de almacenes"
112;"01";"8";"PY";"0";"-"
113;"01";"9";"PY";"6821408";"Servicios de seguridad"
114;"01";"10";"PY";"6821409";"Servicios de limpieza"
115;"01";"11";"PY";"6821407";"Material de consumo y limpieza"
116;"01";"12";"PY";"6821406";"Mobiliario"
117;"01";"13";"PY";"6820901";"Trasporte público"
118;"02";"14";"2";"7110401";"Gastos Telefonia Local"
119;"02";"15";"2";"7110402";"Gastos Telefonia Nacional"
120;"02";"16";"2";"7110403";"Gastos Telefonia Internacional"
121;"02";"17";"2";"7110404";"Gastos Telefonia Movil"
122;"02";"18";"2";"7110406";"Internet"
123;"02";"19";"2";"7110408";"Servicios Internet Movil"
124;"02";"20";"2";"7110405";"Enlaces punto a punto"
125;"02";"21";"2";"7110807";"Courrier"
126;"02";"22";"2";"7111001";"Transporte Público"
127;"02";"14";"3";"7130401";"Gastos Telefonia Local"
128;"02";"15";"3";"7130402";"Gastos Telefonia Nacional"
129;"02";"16";"3";"7130403";"Gastos Telefonia Internacional"
130;"02";"17";"3";"7130404";"Gastos Telefonia Movil"
131;"02";"18";"3";"7131108";"Otros Gastos Almacen Distribución"
132;"02";"19";"3";"7130407";"Servicios Internet Movil"
133;"02";"20";"3";"7131108";"Otros Gastos Almacen Distribución"
134;"02";"21";"3";"7130807";"Courrier"
135;"02";"22";"3";"7131001";"Transporte Público"
136;"02";"14";"5";"7140401";"Gastos Telefonia Local"
137;"02";"15";"5";"7140402";"Gastos Telefonia Nacional"
138;"02";"16";"5";"7140403";"Gastos Telefonia Internacional"
139;"02";"17";"5";"7140404";"Gastos Telefonia Movil"
140;"02";"18";"5";"7140406";"Internet"
141;"02";"19";"5";"7140408";"Servicios Internet Movil"
142;"02";"20";"5";"7140405";"Enlaces punto a punto"
143;"02";"21";"5";"7140807";"Courrier"
144;"02";"22";"5";"7141001";"Combustible"
145;"02";"14";"1";"6121401";"Gastos Telefonia Local"
146;"02";"15";"1";"6121402";"Gastos Telefonia Nacional"
147;"02";"16";"1";"6121403";"Gastos Telefonia Internacional"
148;"02";"17";"1";"6121404";"Gastos Telefonia Movil"
149;"02";"18";"1";"6121205";"Otros"
150;"02";"19";"1";"6121407";"Servicios Internet Movil"
151;"02";"20";"1";"6121205";"Otros"
152;"02";"21";"1";"6121205";"Otros"
153;"02";"22";"1";"6120401";"Transporte Público"
154;"02";"14";"4";"5210735";"Telefonos y Comunicación (Adm.)"
155;"02";"15";"4";"5210735";"Telefonos y Comunicación (Adm.)"
156;"02";"16";"4";"5210735";"Telefonos y Comunicación (Adm.)"
157;"02";"17";"4";"5210735";"Telefonos y Comunicación (Adm.)"
158;"02";"18";"4";"5210736";"Otros Gastos Menores (Adm.)"
159;"02";"19";"4";"5210736";"Otros Gastos Menores (Adm.)"
160;"02";"20";"4";"5210736";"Otros Gastos Menores (Adm.)"
161;"02";"21";"4";"5210736";"Otros Gastos Menores (Adm.)"
162;"02";"22";"4";"5210715";"Transporte del Personal"
163;"02";"14";"6";"7150401";"Gastos Telefonia Local"
164;"02";"15";"6";"7150402";"Gastos Telefonia Nacional"
165;"02";"16";"6";"7150403";"Gastos Telefonia Internacional"
166;"02";"17";"6";"7150404";"Gastos Telefonia Movil"
167;"02";"18";"6";"7151108";"Otros Gastos Almacen Distribución"
168;"02";"19";"6";"7150407";"Servicios Internet Movil"
169;"02";"20";"6";"7151108";"Otros Gastos Almacen Distribución"
170;"02";"21";"6";"7150807";"Courrier"
171;"02";"22";"6";"7151001";"Transporte Público"
172;"02";"14";"CO";"5830802";"Telefonía fija"
173;"02";"15";"CO";"5830802";"Telefonía fija"
174;"02";"16";"CO";"5830802";"Telefonía fija"
175;"02";"17";"CO";"5830801";"Telefonía móvil"
176;"02";"18";"CO";"5830803";"Internet"
177;"02";"19";"CO";"0";"-"
178;"02";"20";"CO";"0";"-"
179;"02";"21";"CO";"5830804";"Courier"
180;"02";"22";"CO";"5830602";"Transporte local"
181;"02";"14";"CS";"5820404";"Otros Servicios"
182;"02";"15";"CS";"5820404";"Otros Servicios"
183;"02";"16";"CS";"5820404";"Otros Servicios"
184;"02";"17";"CS";"5820404";"Otros Servicios"
185;"02";"18";"CS";"5820404";"Otros Servicios"
186;"02";"19";"CS";"0";"-"
187;"02";"20";"CS";"0";"-"
188;"02";"21";"CS";"5820404";"Otros Servicios"
189;"02";"22";"CS";"5820601";"Transporte local"
190;"02";"14";"PY";"6821203";"Telefonía fija"
191;"02";"15";"PY";"6821201";"Telefonía móvil nacional"
192;"02";"16";"PY";"6821202";"Telefonía móvil internacional"
193;"02";"17";"PY";"6821201";"Telefonía móvil nacional"
194;"02";"18";"PY";"6821204";"Internet"
195;"02";"19";"PY";"0";"-"
196;"02";"20";"PY";"0";"-"
197;"02";"21";"PY";"6821205";"Courier"
198;"02";"22";"PY";"6820901";"Trasporte público"
199;"03";"23";"2";"7110504";"Insumos de Computación"
200;"03";"24";"2";"7110505";"Insumos de Impresión"
201;"03";"25";"2";"7110506";"Mantenimiento y Reparación de Equipos"
202;"03";"26";"2";"7110507";"Mantenimiento SAP."
203;"03";"27";"2";"7110509";"Cableado / Switch / Hubs"
204;"03";"28";"2";"7110510";"Routers"
205;"03";"29";"2";"7110515";"Gastos Mantenimiento Software"
206;"03";"30";"2";"7110512";"Amortización Licencias Software"
207;"03";"31";"2";"7110511";"Comunicaciones"
208;"03";"32";"2";"7111001";"Transporte Público"
209;"03";"23";"3";"7130504";"Insumos de Computación"
210;"03";"24";"3";"7130505";"Insumos de Impresión"
211;"03";"25";"3";"7130506";"Mantenimiento y Reparación de Equipos"
212;"03";"26";"3";"7131108";"Otros Gastos Almacen Distribución"
213;"03";"27";"3";"7130509";"Cableado / Switch / Hubs"
214;"03";"28";"3";"7130510";"Routers"
215;"03";"29";"3";"7130506";"Mantenimiento y Reparación de Equipos"
216;"03";"30";"3";"7130512";"Amortización Licencias Software"
217;"03";"31";"3";"7131108";"Otros Gastos Almacen Distribución"
218;"03";"32";"3";"7131001";"Transporte Público"
219;"03";"23";"5";"7140504";"Insumos de Computación"
220;"03";"24";"5";"7140505";"Insumos de Impresión"
221;"03";"25";"5";"7140506";"Mantenimiento y Reparación de Equipos"
222;"03";"26";"5";"7141108";"Otros Gastos Servicios"
223;"03";"27";"5";"7140509";"Cableado / Switch / Hubs"
224;"03";"28";"5";"7140510";"Routers"
225;"03";"29";"5";"7140506";"Mantenimiento y Reparación de Equipos"
226;"03";"30";"5";"7140512";"Amortización Licencias Software"
227;"03";"31";"5";"7140511";"Comunicaciones"
228;"03";"32";"5";"7141001";"Combustible"
229;"03";"23";"1";"6121504";"Insumos de Computación"
230;"03";"24";"1";"6121505";"Insumos de Impresión"
231;"03";"25";"1";"6121506";"Mantenimiento y Reparación de Equipos"
232;"03";"26";"1";"6121205";"Otros"
233;"03";"27";"1";"6121509";"Cableado / Switch / Hubs"
234;"03";"28";"1";"6121510";"Routers"
235;"03";"29";"1";"6121506";"Mantenimiento y Reparación de Equipos"
236;"03";"30";"1";"6121512";"Amortización Licencias Software"
237;"03";"31";"1";"6121205";"Otros"
238;"03";"32";"1";"6120401";"Transporte Público"
239;"03";"23";"4";"5210703";"Materiales y herramientas menores"
240;"03";"24";"4";"5210703";"Materiales y herramientas menores"
241;"03";"25";"4";"5210724";"Reparación y Mantenimiento, Maquinaria y Equipo"
242;"03";"26";"4";"5210736";"Otros Gastos Menores (Adm.)"
243;"03";"27";"4";"5210703";"Materiales y herramientas menores"
244;"03";"28";"4";"5210703";"Materiales y herramientas menores"
245;"03";"29";"4";"5210703";"Materiales y herramientas menores"
246;"03";"30";"4";"5210703";"Materiales y herramientas menores"
247;"03";"31";"4";"5210736";"Otros Gastos Menores (Adm.)"
248;"03";"32";"4";"5210715";"Transporte del Personal"
249;"03";"23";"6";"7150504";"Insumos de Computación"
250;"03";"24";"6";"7150505";"Insumos de Impresión"
251;"03";"25";"6";"7150506";"Mantenimiento y Reparación de Equipos"
252;"03";"26";"6";"7151108";"Otros Gastos Almacen Distribución"
253;"03";"27";"6";"7150509";"Cableado / Switch / Hubs"
254;"03";"28";"6";"7150510";"Routers"
255;"03";"29";"6";"7150506";"Mantenimiento y Reparación de Equipos"
256;"03";"30";"6";"7150512";"Amortización Licencias Software"
257;"03";"31";"6";"7151108";"Otros Gastos Almacen Distribución"
258;"03";"32";"6";"7151001";"Transporte Público"
259;"03";"23";"CO";"5830304";"Accesorios"
260;"03";"24";"CO";"5830304";"Accesorios"
261;"03";"25";"CO";"0";"-"
262;"03";"26";"CO";"0";"-"
263;"03";"27";"CO";"0";"-"
264;"03";"28";"CO";"0";"-"
265;"03";"29";"CO";"0";"-"
266;"03";"30";"CO";"5830301";"Licencias Software"
267;"03";"31";"CO";"5830304";"Accesorios"
268;"03";"32";"CO";"5830602";"Transporte local"
269;"03";"23";"CS";"5820305";"Otros"
270;"03";"24";"CS";"5820305";"Otros"
271;"03";"25";"CS";"0";"-"
272;"03";"26";"CS";"0";"-"
273;"03";"27";"CS";"0";"-"
274;"03";"28";"CS";"0";"-"
275;"03";"29";"CS";"0";"-"
276;"03";"30";"CS";"5820305";"Otros"
277;"03";"31";"CS";"5830304";"Accesorios"
278;"03";"32";"CS";"5820601";"Transporte local"
279;"03";"23";"PY";"6820611";"Insumos de Computación"
280;"03";"24";"PY";"6821304";"Insumos de Impresión"
281;"03";"25";"PY";"6820609";"Mantenimiento y reparación de equipos"
282;"03";"26";"PY";"0";"-"
283;"03";"27";"PY";"6820604";"Equipos de computación"
284;"03";"28";"PY";"6820604";"Equipos de computación"
285;"03";"29";"PY";"6820609";"Mantenimiento y reparación de equipos"
286;"03";"30";"PY";"6820611";"Insumos de Computación"
287;"03";"31";"PY";"6820708";"Licencias software"
288;"03";"32";"PY";"6820901";"Trasporte público"
289;"04";"33";"2";"7110601";"Mant y Rep Maquinas, Muebles y Herramientas"
290;"04";"34";"2";"7111108";"Otros Gastos Administrativos"
291;"04";"35";"2";"7111108";"Otros Gastos Administrativos"
292;"04";"36";"2";"7111108";"Otros Gastos Administrativos"
293;"04";"37";"2";"7111108";"Otros Gastos Administrativos"
294;"04";"38";"2";"7111108";"Otros Gastos Administrativos"
295;"04";"39";"2";"7111108";"Otros Gastos Administrativos"
296;"04";"40";"2";"7111001";"Transporte Público"
297;"04";"33";"3";"7130601";"Mant y Rep Maquinas, Muebles y Herramientas"
298;"04";"34";"3";"7131108";"Otros Gastos Almacen Distribución"
299;"04";"35";"3";"7131108";"Otros Gastos Almacen Distribución"
300;"04";"36";"3";"7131108";"Otros Gastos Almacen Distribución"
301;"04";"37";"3";"7131108";"Otros Gastos Almacen Distribución"
302;"04";"38";"3";"7131108";"Otros Gastos Almacen Distribución"
303;"04";"39";"3";"7131108";"Otros Gastos Almacen Distribución"
304;"04";"40";"3";"7131001";"Transporte Público"
305;"04";"33";"5";"7140601";"Mant y Rep Maquinas, Muebles y Herramientas"
306;"04";"34";"5";"7141108";"Otros Gastos Servicios"
307;"04";"35";"5";"7141108";"Otros Gastos Servicios"
308;"04";"36";"5";"7141108";"Otros Gastos Servicios"
309;"04";"37";"5";"7141108";"Otros Gastos Servicios"
310;"04";"38";"5";"7141108";"Otros Gastos Servicios"
311;"04";"39";"5";"7141108";"Otros Gastos Servicios"
312;"04";"40";"5";"7141001";"Combustible"
313;"04";"33";"1";"6121601";"Mant y Rep Maquinas, Muebles y Herramientas"
314;"04";"34";"1";"6120705";"Materiales Varios"
315;"04";"35";"1";"6120701";"Material de Mecánica"
316;"04";"36";"1";"6120702";"Material de Electricidad"
317;"04";"37";"1";"6120703";"Material de Lubricación"
318;"04";"38";"1";"6120704";"Material de Lavado"
319;"04";"39";"1";"6121205";"Otros"
320;"04";"40";"1";"6120401";"Transporte Público"
321;"04";"33";"4";"5210724";"Reparación y Mantenimiento, Maquinaria y Equipo"
322;"04";"34";"4";"5210703";"Materiales y herramientas menores"
323;"04";"35";"4";"5210703";"Materiales y herramientas menores"
324;"04";"36";"4";"5210703";"Materiales y herramientas menores"
325;"04";"37";"4";"5210703";"Materiales y herramientas menores"
326;"04";"38";"4";"5210703";"Materiales y herramientas menores"
327;"04";"39";"4";"5210703";"Materiales y herramientas menores"
328;"04";"40";"4";"5210715";"Transporte del Personal"
329;"04";"33";"6";"7150601";"Mant y Rep Maquinas, Muebles y Herramientas"
330;"04";"34";"6";"7151108";"Otros Gastos Almacen Distribución"
331;"04";"35";"6";"7131108";"Otros Gastos Almacen Distribución"
332;"04";"36";"6";"7131108";"Otros Gastos Almacen Distribución"
333;"04";"37";"6";"7131108";"Otros Gastos Almacen Distribución"
334;"04";"38";"6";"7131108";"Otros Gastos Almacen Distribución"
335;"04";"39";"6";"7131108";"Otros Gastos Almacen Distribución"
336;"04";"40";"6";"7131001";"Transporte Público"
337;"04";"33";"CO";"0";"-"
338;"04";"34";"CO";"5830304";"Accesorios"
339;"04";"35";"CO";"5830314";"Material para Chaperío"
340;"04";"36";"CO";"5830308";"Insumos eléctricos"
341;"04";"37";"CO";"5830312";"Insumos de lubricación"
342;"04";"38";"CO";"5830313";"Material de lavado"
343;"04";"39";"CO";"5830307";"Material de sujeción"
344;"04";"40";"CO";"5830602";"Transporte local"
345;"04";"33";"CS";"0";"-"
346;"04";"34";"CS";"5830304";"Accesorios"
347;"04";"35";"CS";"5830304";"Accesorios"
348;"04";"36";"CS";"5820304";"Material Eléctrico"
349;"04";"37";"CS";"5820302";"Lubricante"
350;"04";"38";"CS";"5830304";"Accesorios"
351;"04";"39";"CS";"5820301";"Pegamentos"
352;"04";"40";"CS";"5820601";"Transporte local"
353;"04";"33";"PY";"6820609";"Mantenimiento y reparación de equipos"
354;"04";"34";"PY";"6820605";"Herramientas"
355;"04";"35";"PY";"6820606";"Equipos electrónicos/mecánicos"
356;"04";"36";"PY";"6820606";"Equipos electrónicos/mecánicos"
357;"04";"37";"PY";"6820607";"Accesorios de herramientas"
358;"04";"38";"PY";"6820607";"Accesorios de herramientas"
359;"04";"39";"PY";"6820702";"Material de conexión"
360;"04";"40";"PY";"6820901";"Trasporte público"
361;"05";"41";"2";"7110701";"Servicios Internos"
362;"05";"42";"2";"7110702";"Servicios Externos"
363;"05";"43";"2";"7110703";"Papel Valorado y Letras"
364;"05";"44";"2";"7111001";"Transporte Público"
365;"05";"41";"3";"7130701";"Servicios Internos"
366;"05";"42";"3";"7130702";"Servicios Externos"
367;"05";"43";"3";"7130703";"Papel Valorado y Letras"
368;"05";"44";"3";"7131001";"Transporte Público"
369;"05";"41";"5";"7140701";"Servicios Internos"
370;"05";"42";"5";"7140702";"Servicios Externos"
371;"05";"43";"5";"7140703";"Papel Valorado y Letras"
372;"05";"44";"5";"7141001";"Combustible"
373;"05";"41";"1";"6121205";"Otros"
374;"05";"42";"1";"6121205";"Otros"
375;"05";"43";"1";"6121205";"Otros"
376;"05";"44";"1";"6120401";"Transporte Público"
377;"05";"41";"4";"5210736";"Otros Gastos Menores (Adm.)"
378;"05";"42";"4";"5210736";"Otros Gastos Menores (Adm.)"
379;"05";"43";"4";"5210736";"Otros Gastos Menores (Adm.)"
380;"05";"44";"4";"5210715";"Transporte del Personal"
381;"05";"41";"6";"7150701";"Servicios Internos"
382;"05";"42";"6";"7150702";"Servicios Externos"
383;"05";"43";"6";"7150703";"Papel Valorado y Letras"
384;"05";"44";"6";"7151001";"Transporte Público"
385;"05";"41";"CO";"5830101";"Gastos legales"
386;"05";"42";"CO";"5830101";"Gastos legales"
387;"05";"43";"CO";"5830101";"Gastos legales"
388;"05";"44";"CO";"5830602";"Transporte local"
389;"05";"41";"CS";"5820404";"Otros Servicios"
390;"05";"42";"CS";"5820404";"Otros Servicios"
391;"05";"43";"CS";"5820404";"Otros Servicios"
392;"05";"44";"CS";"5820601";"Transporte local"
393;"05";"41";"PY";"6820101";"Gastos legales"
394;"05";"42";"PY";"6820101";"Gastos legales"
395;"05";"43";"PY";"6820101";"Gastos legales"
396;"05";"44";"PY";"6820901";"Trasporte público"
397;"06";"45";"2";"7110801";"Material de Oficina"
398;"06";"46";"2";"7110802";"Servicio de té"
399;"06";"47";"2";"7110803";"Correos y Estampillas"
400;"06";"48";"2";"7110804";"Gastos de Alimentación"
401;"06";"49";"2";"7110805";"Gastos Ropa de trabajo"
402;"06";"50";"2";"7110806";"Gastos Menores"
403;"06";"51";"2";"7110807";"Courrier"
404;"06";"52";"2";"7110808";"Compra de Periódicos"
405;"06";"53";"2";"7110809";"Material de Consumo y Limpieza"
406;"06";"54";"2";"7110810";"Suscripciones y Publicaciones"
407;"06";"55";"2";"7111001";"Transporte Público"
408;"06";"45";"3";"7130801";"Material de Oficina"
409;"06";"46";"3";"7130802";"Servicio de té"
410;"06";"47";"3";"7130803";"Correos y Estampillas"
411;"06";"48";"3";"7130804";"Gastos de Alimentación"
412;"06";"49";"3";"7130805";"Gastos Ropa de trabajo"
413;"06";"50";"3";"7130806";"Gastos Menores"
414;"06";"51";"3";"7130807";"Courrier"
415;"06";"52";"3";"7130808";"Compra de Periódicos"
416;"06";"53";"3";"7130809";"Material de Consumo y Limpieza"
417;"06";"54";"3";"7130810";"Suscripciones y Publicaciones"
418;"06";"55";"3";"7131001";"Transporte Público"
419;"06";"45";"5";"7140801";"Material de Oficina"
420;"06";"46";"5";"7140802";"Servicio de té"
421;"06";"47";"5";"7140803";"Correos y Estampillas"
422;"06";"48";"5";"7140804";"Gastos de Alimentación"
423;"06";"49";"5";"7140805";"Gastos Ropa de trabajo"
424;"06";"50";"5";"7140806";"Gastos Menores"
425;"06";"51";"5";"7140807";"Courrier"
426;"06";"52";"5";"7140808";"Compra de Periódicos"
427;"06";"53";"5";"7140809";"Material de Consumo y Limpieza"
428;"06";"54";"5";"7140810";"Suscripciones"
429;"06";"55";"5";"7141001";"Combustible"
430;"06";"45";"1";"6121001";"Material de Oficina"
431;"06";"46";"1";"6121002";"Servicio de Té"
432;"06";"47";"1";"6121205";"Otros"
433;"06";"48";"1";"6121003";"Refrigerios"
434;"06";"49";"1";"6121004";"Ropa de Trabajo"
435;"06";"50";"1";"6121205";"Otros"
436;"06";"51";"1";"6121205";"Otros"
437;"06";"52";"1";"6121205";"Otros"
438;"06";"53";"1";"6121205";"Otros"
439;"06";"54";"1";"6121205";"Otros"
440;"06";"55";"1";"6120401";"Transporte Público"
441;"06";"45";"4";"5210733";"Material de Escritorio"
442;"06";"46";"4";"5210713";"Servicio de Té"
443;"06";"47";"4";"5210736";"Otros Gastos Menores (Adm.)"
444;"06";"48";"4";"5210716";"Servicio de Restaurant"
445;"06";"49";"4";"5210712";"Seguridad del Personal, Ropa y Obj. Profesionales"
446;"06";"50";"4";"5210736";"Otros Gastos Menores (Adm.)"
447;"06";"51";"4";"5210736";"Otros Gastos Menores (Adm.)"
448;"06";"52";"4";"5210736";"Otros Gastos Menores (Adm.)"
449;"06";"53";"4";"5210702";"Material de consumo"
450;"06";"54";"4";"5210736";"Otros Gastos Menores (Adm.)"
451;"06";"55";"4";"5210715";"Transporte del Personal"
452;"06";"45";"6";"7150801";"Material de Oficina"
453;"06";"46";"6";"7150802";"Servicio de té"
454;"06";"47";"6";"7150803";"Correos y Estampillas"
455;"06";"48";"6";"7150804";"Gastos de Alimentación"
456;"06";"49";"6";"7150805";"Gastos Ropa de trabajo"
457;"06";"50";"6";"7150806";"Gastos Menores"
458;"06";"51";"6";"7150807";"Courrier"
459;"06";"52";"6";"7150808";"Compra de Periódicos"
460;"06";"53";"6";"7150809";"Material de Consumo y Limpieza"
461;"06";"54";"6";"7150810";"Suscripciones y Publicaciones"
462;"06";"55";"6";"7151001";"Transporte Público"
463;"06";"45";"CO";"5830603";"Material de oficina"
464;"06";"46";"CO";"5830601";"Alimentación"
465;"06";"47";"CO";"5830804";"Courier"
466;"06";"48";"CO";"5830601";"Alimentación"
467;"06";"49";"CO";"5830304";"Accesorios"
468;"06";"50";"CO";"5830304";"Accesorios"
469;"06";"51";"CO";"5830804";"Courier"
470;"06";"52";"CO";"5830603";"Material de oficina"
471;"06";"53";"CO";"5830313";"Material de lavado"
472;"06";"54";"CO";"0";"-"
473;"06";"55";"CO";"5830602";"Transporte local"
474;"06";"45";"CS";"5820604";"Otros"
475;"06";"46";"CS";"5820503";"Alimentación"
476;"06";"47";"CS";"5820603";"Fletes embalajes"
477;"06";"48";"CS";"5820503";"Alimentación"
478;"06";"49";"CS";"5820305";"Otros"
479;"06";"50";"CS";"5820305";"Otros"
480;"06";"51";"CS";"5820603";"Fletes embalajes"
481;"06";"52";"CS";"5820604";"Otros"
482;"06";"53";"CS";"5830304";"Accesorios"
483;"06";"54";"CS";"0";"-"
484;"06";"55";"CS";"5820601";"Transporte local"
485;"06";"45";"PY";"6821301";"Material de escritorio"
486;"06";"46";"PY";"6820902";"Servicio de te"
487;"06";"47";"PY";"6820802";"Flete envió de materiales"
488;"06";"48";"PY";"6820903";"Refrigerios"
489;"06";"49";"PY";"6821509";"Ropa de trabajo"
490;"06";"50";"PY";"6820704";"Accesorios"
491;"06";"51";"PY";"6821205";"Courier"
492;"06";"52";"PY";"6821301";"Material de escritorio"
493;"06";"53";"PY";"6821407";"Material de consumo y limpieza"
494;"06";"54";"PY";"0";"-"
495;"06";"55";"PY";"6820901";"Trasporte público"
496;"07";"56";"2";"7110901";"Combustible"
497;"07";"57";"2";"7110902";"Mantenimiento vehículos"
498;"07";"58";"2";"7110903";"Seguro"
499;"07";"59";"2";"7111004";"Otros"
500;"07";"60";"2";"7111004";"Otros"
501;"07";"61";"2";"7111001";"Transporte Público"
502;"07";"62";"2";"7111002";"Peaje"
503;"07";"63";"2";"7111004";"Otros"
504;"07";"64";"2";"7111004";"Otros"
505;"07";"56";"3";"7130901";"Combustible"
506;"07";"57";"3";"7130902";"Mantenimiento vehículos"
507;"07";"58";"3";"7130903";"Seguro"
508;"07";"59";"3";"7130908";"Accesorios Vehiculos"
509;"07";"60";"3";"7131004";"Otros"
510;"07";"61";"3";"7131001";"Transporte Público"
511;"07";"62";"3";"7131002";"Peaje"
512;"07";"63";"3";"7131004";"Otros"
513;"07";"64";"3";"7131004";"Otros"
514;"07";"56";"5";"7140901";"Combustible"
515;"07";"57";"5";"7140902";"Mantenimiento vehículos"
516;"07";"58";"5";"7140903";"Seguro"
517;"07";"59";"5";"7141004";"Otros"
518;"07";"60";"5";"7141004";"Otros"
519;"07";"61";"5";"7141001";"Combustible"
520;"07";"62";"5";"7141002";"Peaje"
521;"07";"63";"5";"7141004";"Otros"
522;"07";"64";"5";"7141004";"Otros"
523;"07";"56";"1";"6120301";"Combustible"
524;"07";"57";"1";"6120302";"Mantenimiento"
525;"07";"58";"1";"6120303";"Seguro"
526;"07";"59";"1";"6120308";"Accesorios"
527;"07";"60";"1";"6120404";"Otros"
528;"07";"61";"1";"6120401";"Transporte Público"
529;"07";"62";"1";"6120402";"Peaje"
530;"07";"63";"1";"6120404";"Otros"
531;"07";"64";"1";"6120405";"Parqueo"
532;"07";"56";"4";"5210734";"Combustible"
533;"07";"57";"4";"5210725";"Reparación y Mantenimiento, Vehículo"
534;"07";"58";"4";"5210113";"Seguros Vehículos Nuevos"
535;"07";"59";"4";"5210110";"Accesorios"
536;"07";"60";"4";"5210708";"Gastos de vehículos (Gasolina y otros)"
537;"07";"61";"4";"5210715";"Transporte del Personal"
538;"07";"62";"4";"5210708";"Gastos de vehículos (Gasolina y otros)"
539;"07";"63";"4";"5210708";"Gastos de vehículos (Gasolina y otros)"
540;"07";"64";"4";"5210708";"Gastos de vehículos (Gasolina y otros)"
541;"07";"56";"6";"7150901";"Combustible"
542;"07";"57";"6";"7150902";"Mantenimiento vehículos"
543;"07";"58";"6";"7150903";"Seguro"
544;"07";"59";"6";"7150908";"Accesorios Vehiculos"
545;"07";"60";"6";"7151004";"Otros"
546;"07";"61";"6";"7151001";"Transporte Público"
547;"07";"62";"6";"7151002";"Peaje"
548;"07";"63";"6";"7151004";"Otros"
549;"07";"64";"6";"7151004";"Otros"
550;"07";"56";"CO";"5830501";"Combustible"
551;"07";"57";"CO";"0";"-"
552;"07";"58";"CO";"0";"-"
553;"07";"59";"CO";"5830304";"Accesorios"
554;"07";"60";"CO";"5830602";"Transporte local"
555;"07";"61";"CO";"5830602";"Transporte local"
556;"07";"62";"CO";"5830602";"Transporte local"
557;"07";"63";"CO";"0";"-"
558;"07";"64";"CO";"5830602";"Transporte local"
559;"07";"56";"CS";"5820602";"Combustible"
560;"07";"57";"CS";"5820604";"Otros"
561;"07";"58";"CS";"5820604";"Otros"
562;"07";"59";"CS";"5820604";"Otros"
563;"07";"60";"CS";"5820604";"Otros"
564;"07";"61";"CS";"5820601";"Transporte local"
565;"07";"62";"CS";"5820604";"Otros"
566;"07";"63";"CS";"0";"-"
567;"07";"64";"CS";"5820604";"Otros"
568;"07";"56";"PY";"6821103";"Combustible"
569;"07";"57";"PY";"6821102";"Mantenimiento vehículos"
570;"07";"58";"PY";"6821703";"Seguro de vehículo"
571;"07";"59";"PY";"6820704";"Accesorios"
572;"07";"60";"PY";"6821104";"Alquiler de vehículos"
573;"07";"61";"PY";"6820901";"Trasporte público"
574;"07";"62";"PY";"6820905";"Peaje"
575;"07";"63";"PY";"0";"-"
576;"07";"64";"PY";"6820904";"Parqueo"
577;"08";"65";"2";"7111202";"Transporte local"
578;"08";"66";"2";"7111203";"Alimentación"
579;"08";"67";"2";"7111204";"Teléfono"
580;"08";"68";"2";"7111207";"Combustible"
581;"08";"69";"2";"7111208";"Otros Gastos de Viaje"
582;"08";"70";"2";"7111209";"Cursos de Especialización y Seminarios"
583;"08";"71";"2";"7111210";"Material de Escritorio"
584;"08";"72";"2";"7111211";"Gastos Consultor"
585;"08";"73";"2";"7111208";"Otros Gastos de Viaje"
586;"08";"65";"3";"7131202";"Transporte local"
587;"08";"66";"3";"7131203";"Alimentación"
588;"08";"67";"3";"7131204";"Teléfono"
589;"08";"68";"3";"7131207";"Combustible"
590;"08";"69";"3";"7131208";"Otros Gastos de Viaje"
591;"08";"70";"3";"7131209";"Cursos de Especialización y Seminarios"
592;"08";"71";"3";"7131210";"Material de Escritorio"
593;"08";"72";"3";"7131211";"Gastos Consultor"
594;"08";"73";"3";"7131208";"Otros Gastos de Viaje"
595;"08";"65";"5";"7141202";"Transporte local"
596;"08";"66";"5";"7141203";"Alimentación"
597;"08";"67";"5";"7141204";"Teléfono"
598;"08";"68";"5";"7141207";"Combustible"
599;"08";"69";"5";"7141208";"Otros Gastos de Viaje"
600;"08";"70";"5";"7141209";"Cursos de Especialización y Seminarios"
601;"08";"71";"5";"7141210";"Material de Escritorio"
602;"08";"72";"5";"7141211";"Gastos Consultor"
603;"08";"73";"5";"7141208";"Otros Gastos de Viaje"
604;"08";"65";"1";"6120802";"Transporte local"
605;"08";"66";"1";"6120803";"Alimentación"
606;"08";"67";"1";"6120804";"Teléfono"
607;"08";"68";"1";"6120807";"Combustible"
608;"08";"69";"1";"6120808";"Otros Gastos de Viaje"
609;"08";"70";"1";"6120809";"Cursos de Especialización y Seminarios"
610;"08";"71";"1";"6120810";"Material de Escritorio"
611;"08";"72";"1";"6120811";"Gastos Consultor"
612;"08";"73";"1";"6120808";"Otros Gastos de Viaje"
613;"08";"65";"4";"5210715";"Transporte del Personal"
614;"08";"66";"4";"5210729";"Cursos de Especializacion"
615;"08";"67";"4";"5210729";"Cursos de Especializacion"
616;"08";"68";"4";"5210729";"Cursos de Especializacion"
617;"08";"69";"4";"5210729";"Cursos de Especializacion"
618;"08";"70";"4";"5210729";"Cursos de Especializacion"
619;"08";"71";"4";"5210729";"Cursos de Especializacion"
620;"08";"72";"4";"5210736";"Otros Gastos Menores (Adm.)"
621;"08";"73";"4";"5210722";"Gastos de Certificación"
622;"08";"65";"6";"7151202";"Transporte local"
623;"08";"66";"6";"7151203";"Alimentación"
624;"08";"67";"6";"7151204";"Teléfono"
625;"08";"68";"6";"7151207";"Combustible"
626;"08";"69";"6";"7151208";"Otros Gastos de Viaje"
627;"08";"70";"6";"7151209";"Cursos de Especialización y Seminarios"
628;"08";"71";"6";"7151210";"Material de Escritorio"
629;"08";"72";"6";"7151211";"Gastos Consultor"
630;"08";"73";"6";"7151108";"Otros Gastos Almacen Distribución"
631;"08";"65";"CO";"0";"-"
632;"08";"66";"CO";"0";"-"
633;"08";"67";"CO";"0";"-"
634;"08";"68";"CO";"0";"-"
635;"08";"69";"CO";"0";"-"
636;"08";"70";"CO";"0";"-"
637;"08";"71";"CO";"0";"-"
638;"08";"72";"CO";"0";"-"
639;"08";"73";"CO";"0";"-"
640;"08";"65";"CS";"0";"-"
641;"08";"66";"CS";"0";"-"
642;"08";"67";"CS";"0";"-"
643;"08";"68";"CS";"0";"-"
644;"08";"69";"CS";"0";"-"
645;"08";"70";"CS";"0";"-"
646;"08";"71";"CS";"0";"-"
647;"08";"72";"CS";"0";"-"
648;"08";"73";"CS";"0";"-"
649;"08";"65";"PY";"6821601";"Cursos de especialización y seminarios"
650;"08";"66";"PY";"6821601";"Cursos de especialización y seminarios"
651;"08";"67";"PY";"6821601";"Cursos de especialización y seminarios"
652;"08";"68";"PY";"6821601";"Cursos de especialización y seminarios"
653;"08";"69";"PY";"6821601";"Cursos de especialización y seminarios"
654;"08";"70";"PY";"6821601";"Cursos de especialización y seminarios"
655;"08";"71";"PY";"6821601";"Cursos de especialización y seminarios"
656;"08";"72";"PY";"6821601";"Cursos de especialización y seminarios"
657;"08";"73";"PY";"6821602";"Certificaciones"
658;"09";"74";"2";"7111301";"Transporte"
659;"09";"75";"2";"7111302";"Alimentación"
660;"09";"76";"2";"7111303";"Material de Eventos"
661;"09";"77";"2";"7111304";"Servicios Contratados"
662;"09";"78";"2";"7111305";"Cursos de Inducción"
663;"09";"79";"2";"7111306";"Material de Oficina"
664;"09";"80";"2";"7111307";"Material Apoyo Publicitario POP"
665;"09";"81";"2";"7111310";"Premios"
666;"09";"82";"2";"7111311";"Cursos y Capacitaciones"
667;"09";"83";"2";"7111312";"Atención Médica y Otros"
668;"09";"74";"3";"7131202";"Transporte local"
669;"09";"75";"3";"7130804";"Gastos de Alimentación"
670;"09";"76";"3";"7131108";"Otros Gastos Almacen Distribución"
671;"09";"77";"3";"7131004";"Otros"
672;"09";"78";"3";"7131208";"Otros Gastos de Viaje"
673;"09";"79";"3";"7130801";"Material de Oficina"
674;"09";"80";"3";"7131108";"Otros Gastos Almacen Distribución"
675;"09";"81";"3";"7131108";"Otros Gastos Almacen Distribución"
676;"09";"82";"3";"7131208";"Otros Gastos de Viaje"
677;"09";"83";"3";"7131004";"Otros"
678;"09";"74";"5";"7141301";"Transporte "
679;"09";"75";"5";"7141302";"Alimentación"
680;"09";"76";"5";"7141303";"Material de Eventos"
681;"09";"77";"5";"7141304";"Servicios Contratados"
682;"09";"78";"5";"7141305";"Cursos de Inducción"
683;"09";"79";"5";"7141306";"Material de Oficina"
684;"09";"80";"5";"7141307";"Material Apoyo Publicitario"
685;"09";"81";"5";"7141310";"Premios"
686;"09";"82";"5";"7141311";"Cursos y Capacitaciones"
687;"09";"83";"5";"7141312";"Atención Médica y Otros"
688;"09";"74";"1";"6120802";"Transporte local"
689;"09";"75";"1";"6121003";"Refrigerios"
690;"09";"76";"1";"6121205";"Otros"
691;"09";"77";"1";"6121205";"Otros"
692;"09";"78";"1";"6120809";"Cursos de Especialización y Seminarios"
693;"09";"79";"1";"6121001";"Material de Oficina"
694;"09";"80";"1";"6121205";"Otros"
695;"09";"81";"1";"6121205";"Otros"
696;"09";"82";"1";"6120809";"Cursos de Especialización y Seminarios"
697;"09";"83";"1";"6121205";"Otros"
698;"09";"74";"4";"5210715";"Transporte del Personal"
699;"09";"75";"4";"5210729";"Cursos de Especializacion"
700;"09";"76";"4";"5210737";"Gastos de Propaganda (Adm.)"
701;"09";"77";"4";"5210736";"Otros Gastos Menores (Adm.)"
702;"09";"78";"4";"5210729";"Cursos de Especializacion"
703;"09";"79";"4";"5210736";"Otros Gastos Menores (Adm.)"
704;"09";"80";"4";"5210736";"Otros Gastos Menores (Adm.)"
705;"09";"81";"4";"5210736";"Otros Gastos Menores (Adm.)"
706;"09";"82";"4";"5210729";"Cursos de Especializacion"
707;"09";"83";"4";"5210736";"Otros Gastos Menores (Adm.)"
708;"09";"74";"6";"7151202";"Transporte local"
709;"09";"75";"6";"7150804";"Gastos de Alimentación"
710;"09";"76";"6";"7151108";"Otros Gastos Almacen Distribución"
711;"09";"77";"6";"7151004";"Otros"
712;"09";"78";"6";"7151208";"Otros Gastos de Viaje"
713;"09";"79";"6";"7150801";"Material de Oficina"
714;"09";"80";"6";"7151108";"Otros Gastos Almacen Distribución"
715;"09";"81";"6";"7151108";"Otros Gastos Almacen Distribución"
716;"09";"82";"6";"7151208";"Otros Gastos de Viaje"
717;"09";"83";"6";"7151004";"Otros"
718;"09";"74";"CO";"0";"-"
719;"09";"75";"CO";"0";"-"
720;"09";"76";"CO";"0";"-"
721;"09";"77";"CO";"0";"-"
722;"09";"78";"CO";"0";"-"
723;"09";"79";"CO";"0";"-"
724;"09";"80";"CO";"0";"-"
725;"09";"81";"CO";"0";"-"
726;"09";"82";"CO";"0";"-"
727;"09";"83";"CO";"0";"-"
728;"09";"74";"CS";"0";"-"
729;"09";"75";"CS";"0";"-"
730;"09";"76";"CS";"0";"-"
731;"09";"77";"CS";"0";"-"
732;"09";"78";"CS";"0";"-"
733;"09";"79";"CS";"0";"-"
734;"09";"80";"CS";"0";"-"
735;"09";"81";"CS";"0";"-"
736;"09";"82";"CS";"0";"-"
737;"09";"83";"CS";"0";"-"
738;"09";"74";"PY";"0";"-"
739;"09";"75";"PY";"0";"-"
740;"09";"76";"PY";"0";"-"
741;"09";"77";"PY";"0";"-"
742;"09";"78";"PY";"0";"-"
743;"09";"79";"PY";"0";"-"
744;"09";"80";"PY";"0";"-"
745;"09";"81";"PY";"0";"-"
746;"09";"82";"PY";"0";"-"
747;"09";"83";"PY";"0";"-"
748;"10";"84";"2";"7111101";"Fletes Embalajes y Transporte"
749;"10";"85";"2";"7111102";"Trabajos especiales y Servicios contratados"
750;"10";"86";"2";"7111103";"Avisos en Prensa"
751;"10";"87";"2";"7111104";"Contribuciones y Donaciones"
752;"10";"88";"2";"7111105";"Atención Medica"
753;"10";"89";"2";"7111106";"Seguro para empleados"
754;"10";"90";"2";"7111107";"Auditoria"
755;"10";"91";"2";"7111108";"Otros Gastos Administrativos"
756;"10";"84";"3";"7131102";"Fletes Entrega Clientes"
757;"10";"85";"3";"7131103";"Trabajos especiales y Servicios contratados"
758;"10";"86";"3";"7131104";"Avisos en Prensa"
759;"10";"87";"3";"7131108";"Otros Gastos Almacen Distribución"
760;"10";"88";"3";"7131106";"Atención Medica"
761;"10";"89";"3";"7131107";"Seguro para empleados"
762;"10";"90";"3";"7131108";"Otros Gastos Almacen Distribución"
763;"10";"91";"3";"7131108";"Otros Gastos Almacen Distribución"
764;"10";"84";"5";"7141101";"Fletes Embalajes y Transporte"
765;"10";"85";"5";"7141102";"Trabajos especiales y Servicios contratados"
766;"10";"86";"5";"7141103";"Avisos en Prensa"
767;"10";"87";"5";"7141104";"Contribuciones y Donaciones"
768;"10";"88";"5";"7141105";"Atención Medica"
769;"10";"89";"5";"7141106";"Seguro para empleados"
770;"10";"90";"5";"7141108";"Otros Gastos Servicios"
771;"10";"91";"5";"7141108";"Otros Gastos Servicios"
772;"10";"84";"1";"6121205";"Otros"
773;"10";"85";"1";"6121206";"Trabajos Especiales y Servicios Contratados"
774;"10";"86";"1";"6121207";"Avisos en Prensa"
775;"10";"87";"1";"6121201";"Cuotas a Instituciones"
776;"10";"88";"1";"6121205";"Otros"
777;"10";"89";"1";"6121205";"Otros"
778;"10";"90";"1";"6121205";"Otros"
779;"10";"91";"1";"6121205";"Otros"
780;"10";"84";"4";"5210718";"Fletes Embalajes y Transporte"
781;"10";"85";"4";"5210707";"Trabajos especiales"
782;"10";"86";"4";"5210737";"Gastos de Propaganda (Adm.)"
783;"10";"87";"4";"5210732";"Cuotas a Instituciones"
784;"10";"88";"4";"5210709";"Asistencia Medica - Medicamentos y Examenes"
785;"10";"89";"4";"5210728";"Seguros en General"
786;"10";"90";"4";"5210736";"Otros Gastos Menores (Adm.)"
787;"10";"91";"4";"5210736";"Otros Gastos Menores (Adm.)"
788;"10";"84";"6";"7151102";"Fletes Entrega Clientes"
789;"10";"85";"6";"7151103";"Trabajos especiales y Servicios contratados"
790;"10";"86";"6";"7151104";"Avisos en Prensa"
791;"10";"87";"6";"7151108";"Otros Gastos Almacen Distribución"
792;"10";"88";"6";"7151106";"Atención Medica"
793;"10";"89";"6";"7151107";"Seguro para empleados"
794;"10";"90";"6";"7151108";"Otros Gastos Almacen Distribución"
795;"10";"91";"6";"7151108";"Otros Gastos Almacen Distribución"
796;"10";"84";"CO";"5830502";"Fletes embalajes"
797;"10";"85";"CO";"5830402";"Jornaleros"
798;"10";"86";"CO";"5830101";"Gastos legales"
799;"10";"87";"CO";"5830101";"Gastos legales"
800;"10";"88";"CO";"5830101";"Gastos legales"
801;"10";"89";"CO";"5830101";"Gastos legales"
802;"10";"90";"CO";"5830101";"Gastos legales"
803;"10";"91";"CO";"5830101";"Gastos legales"
804;"10";"84";"CS";"5820603";"Fletes Embalajes y Transporte"
805;"10";"85";"CS";"0";"-"
806;"10";"86";"CS";"0";"-"
807;"10";"87";"CS";"0";"-"
808;"10";"88";"CS";"0";"-"
809;"10";"89";"CS";"0";"-"
810;"10";"90";"CS";"0";"-"
811;"10";"91";"CS";"0";"-"
812;"10";"84";"PY";"6820801";"Fletes Embalajes y Transporte"
813;"10";"85";"PY";"0";"-"
814;"10";"86";"PY";"0";"-"
815;"10";"87";"PY";"0";"-"
816;"10";"88";"PY";"0";"-"
817;"10";"89";"PY";"0";"-"
818;"10";"90";"PY";"0";"-"
819;"10";"91";"PY";"0";"-"
820;"11";"92";"MK";"6130101";"Estudios"
821;"11";"93";"MK";"6130102";"Encuestas"
822;"11";"94";"MK";"6130103";"Compra de Base de Datos"
823;"11";"95";"MK";"6130614";"Transporte Local"
824;"12";"96";"MK";"6130201";"Prensa"
825;"12";"97";"MK";"6130202";"Radio"
826;"12";"98";"MK";"6130203";"Televisión"
827;"12";"99";"MK";"6130204";"Revistas Especializadas"
828;"12";"100";"MK";"6130205";"Cines"
829;"12";"101";"MK";"6130206";"Mailings"
830;"12";"102";"MK";"6130614";"Transporte Local"
831;"13";"103";"MK";"6130301";"Impulsadores"
832;"13";"104";"MK";"6130302";"Reponedores"
833;"13";"105";"MK";"6130303";"Material Reposición, Impulsación"
834;"13";"106";"MK";"6130304";"Exhibidores"
835;"13";"107";"MK";"6130306";"Material POP"
836;"13";"108";"MK";"6130308";"Muestras Punto de Ventas"
837;"13";"109";"MK";"6130309";"Pintado Fachadas"
838;"13";"110";"MK";"6130310";"Capacitacion Distribuidores"
839;"13";"111";"MK";"6130311";"Letreros, Gigantografias, Pasacalles"
840;"13";"112";"MK";"6130312";"Gastos de Alimentacion"
841;"13";"113";"MK";"6130313";"Gastos de Transporte"
842;"13";"114";"MK";"6130314";"Ropa de Trabajo"
843;"13";"115";"MK";"6130614";"Transporte Local"
844;"14";"116";"MK";"6130401";"Pasajes Aereos"
845;"14";"117";"MK";"6130402";"Fletes Tomas de Mercado"
846;"14";"118";"MK";"6130403";"Combustible"
847;"14";"119";"MK";"6130404";"Hoteles"
848;"14";"120";"MK";"6130405";"Refrigerios"
849;"14";"121";"MK";"6130406";"Transporte Publico"
850;"14";"122";"MK";"6130407";"Otros Gastos Toma de Mercado"
851;"15";"123";"MK";"6130501";"Catalogos"
852;"15";"124";"MK";"6130502";"News Letters"
853;"15";"125";"MK";"6130503";"Calendarios-Afiches"
854;"15";"126";"MK";"6130504";"Tripticos"
855;"15";"127";"MK";"6130505";"Volantes"
856;"15";"128";"MK";"6130506";"Adhesivos"
857;"15";"129";"MK";"6130614";"Transporte Local"
858;"16";"130";"MK";"6130601";"Pasajes Aereos"
859;"16";"131";"MK";"6130602";"Hoteles"
860;"16";"132";"MK";"6130603";"Refrigerios"
861;"16";"133";"MK";"6130604";"Alquiler Espacios"
862;"16";"134";"MK";"6130605";"Azafatas-Uniformes"
863;"16";"135";"MK";"6130606";"Fletes Ferias y Exposiciones"
864;"16";"136";"MK";"6130607";"Eventos"
865;"16";"137";"MK";"6130608";"Alquiler Inmobiliario"
866;"16";"138";"MK";"6130609";"Pases Ferias y Exposiciones"
867;"16";"139";"MK";"6130610";"Armado Stand"
868;"16";"140";"MK";"6130611";"Servicios Cocktail"
869;"16";"141";"MK";"6130612";"Servicios Seguro y Limpieza"
870;"16";"142";"MK";"6130613";"Material de Limpieza"
871;"16";"143";"MK";"6130614";"Transporte Local"
872;"16";"144";"MK";"6130615";"Lanzamientos"
873;"16";"145";"MK";"6130616";"Auspicio eventos"
874;"16";"146";"MK";"6130617";"Alquiler de mobiliario"
875;"16";"147";"MK";"6130618";"Entradas para invitados"
876;"16";"148";"MK";"6130619";"Fotografía y filmación"
877;"16";"149";"MK";"6130621";"Otros Gastos Ferias y Exposiciones"
878;"17";"150";"MK";"6130701";"Totems"
879;"17";"151";"MK";"6130703";"Decoracion Show Rooms"
880;"17";"152";"MK";"6130704";"Letreros y Rotulados"
881;"17";"153";"MK";"6130614";"Transporte Local"
882;"18";"154";"MK";"6130801";"Material Promocional"
883;"18";"155";"MK";"6130802";"Regalos Clientes"
884;"18";"156";"MK";"6130803";"Pronto Pago"
885;"18";"157";"MK";"6130805";"Muestras para Ventas Clientes"
886;"18";"158";"MK";"6130806";"Incentivos a Clientes"
887;"18";"159";"MK";"6130807";"Promocion Consumidor"
888;"18";"160";"MK";"6130614";"Transporte Local"
889;"19";"161";"MK";"6131301";"Courriers"
890;"19";"162";"MK";"6131302";"Capacitacion Usuario Final"
891;"19";"163";"MK";"6130614";"Transporte Local"
892;"01";"164";"2";"7110901";"Combustible"
893;"01";"164";"3";"7130901";"Combustible"
894;"01";"164";"CO";"0";"-"
895;"01";"164";"1";"6120301";"Combustible"
896;"01";"164";"CS";"0";"-"
897;"01";"164";"6";"7150901";"Combustible"
898;"01";"164";"4";"5210106";"Gasolina"
899;"01";"164";"PY";"6821103";"Combustible"
900;"01";"164";"5";"7110901";"Combustible"
901;"04";"165";"2";"7111108";"Otros Gastos Administrativos"
902;"04";"166";"2";"7111108";"Otros Gastos Administrativos"
903;"04";"167";"2";"7111108";"Otros Gastos Administrativos"
904;"04";"168";"2";"7111108";"Otros Gastos Administrativos"
905;"04";"169";"2";"7111108";"Otros Gastos Administrativos"
906;"04";"170";"2";"7111108";"Otros Gastos Administrativos"
907;"04";"171";"2";"7111108";"Otros Gastos Administrativos"
908;"04";"172";"2";"7111108";"Otros Gastos Administrativos"
909;"04";"173";"2";"7111108";"Otros Gastos Administrativos"
910;"04";"174";"2";"7111108";"Otros Gastos Administrativos"
911;"04";"175";"2";"7111108";"Otros Gastos Administrativos"
912;"04";"176";"2";"7110901";"Combustible"
913;"04";"177";"2";"6820705";"Cable de tendido"
914;"04";"178";"2";"6820707";"Material de limpieza en instalación"
915;"04";"165";"3";"7131108";"Otros Gastos Almacen Distribución"
916;"04";"166";"3";"7131108";"Otros Gastos Almacen Distribución"
917;"04";"167";"3";"7131108";"Otros Gastos Almacen Distribución"
918;"04";"168";"3";"7131108";"Otros Gastos Almacen Distribución"
919;"04";"169";"3";"7131108";"Otros Gastos Almacen Distribución"
920;"04";"170";"3";"7131108";"Otros Gastos Almacen Distribución"
921;"04";"171";"3";"7131108";"Otros Gastos Almacen Distribución"
922;"04";"172";"3";"7131108";"Otros Gastos Almacen Distribución"
923;"04";"173";"3";"7131108";"Otros Gastos Almacen Distribución"
924;"04";"174";"3";"7131108";"Otros Gastos Almacen Distribución"
925;"04";"175";"3";"7131108";"Otros Gastos Almacen Distribución"
926;"04";"176";"3";"7130901";"Combustible"
927;"04";"177";"3";"6820705";"Cable de tendido"
928;"04";"178";"3";"6820707";"Material de limpieza en instalación"
929;"04";"165";"CO";"5830304";"Accesorios"
930;"04";"166";"CO";"5830403";"Servicio Mecánico"
931;"04";"167";"CO";"5830409";"Servicio Eléctrico"
932;"04";"168";"CO";"5830304";"Accesorios"
933;"04";"169";"CO";"5830302";"Regletas y Bandejas y Soportes"
934;"04";"170";"CO";"5830303";"Material Eléctrico"
935;"04";"171";"CO";"5830305";"Material de conexión"
936;"04";"172";"CO";"5830306";"Ferretería de Línea"
937;"04";"173";"CO";"5830309";"Insumos Electrónicos"
938;"04";"174";"CO";"5830310";"Insumos de Iluminación"
939;"04";"175";"CO";"5830311";"Insumos Hidráulicos"
940;"04";"176";"CO";"5830315";"Combustible"
941;"04";"177";"CO";"5830303";"Material Eléctrico"
942;"04";"178";"CO";"5830313";"Material de lavado"
943;"04";"165";"1";"6120709";"Repuestos"
944;"04";"166";"1";"6120709";"Repuestos"
945;"04";"167";"1";"6120709";"Repuestos"
946;"04";"168";"1";"6120709";"Repuestos"
947;"04";"169";"1";"6121205";"Otros"
948;"04";"170";"1";"6121205";"Otros"
949;"04";"171";"1";"6121205";"Otros"
950;"04";"172";"1";"6121205";"Otros"
951;"04";"173";"1";"6121205";"Otros"
952;"04";"174";"1";"6121205";"Otros"
953;"04";"175";"1";"6121205";"Otros"
954;"04";"176";"1";"6120301";"Combustible"
955;"04";"177";"1";"6820705";"Cable de tendido"
956;"04";"178";"1";"6820707";"Material de limpieza en instalación"
957;"04";"165";"CS";"5820303";"Repuestos"
958;"04";"166";"CS";"5820401";"Servicio Mecánico"
959;"04";"167";"CS";"5820402";"Servicio Eléctrico"
960;"04";"168";"CS";"5820404";"Otros Servicios"
961;"04";"169";"CS";"0";"-"
962;"04";"170";"CS";"5820304";"Material electrico"
963;"04";"171";"CS";"5830304";"Accesorios"
964;"04";"172";"CS";"5820304";"Material electrico"
965;"04";"173";"CS";"5820305";"Otros"
966;"04";"174";"CS";"5820305";"Otros"
967;"04";"175";"CS";"5820305";"Otros"
968;"04";"176";"CS";"5820602";"Combustible"
969;"04";"177";"CS";"5820304";"Material electrico"
970;"04";"178";"CS";"5820305";"otros"
971;"04";"165";"6";"7151108";"Otros Gastos Almacen Distribución"
972;"04";"166";"6";"7151108";"Otros Gastos Almacen Distribución"
973;"04";"167";"6";"7151108";"Otros Gastos Almacen Distribución"
974;"04";"168";"6";"7151108";"Otros Gastos Almacen Distribución"
975;"04";"169";"6";"7151108";"Otros Gastos Almacen Distribución"
976;"04";"170";"6";"7151108";"Otros Gastos Almacen Distribución"
977;"04";"171";"6";"7151108";"Otros Gastos Almacen Distribución"
978;"04";"172";"6";"7151108";"Otros Gastos Almacen Distribución"
979;"04";"173";"6";"7151108";"Otros Gastos Almacen Distribución"
980;"04";"174";"6";"7151108";"Otros Gastos Almacen Distribución"
981;"04";"175";"6";"7151108";"Otros Gastos Almacen Distribución"
982;"04";"176";"6";"7150901";"Combustible"
983;"04";"177";"6";"7151108";"Otros Gastos Almacen Distribución"
984;"04";"178";"6";"7150809";"Material de consumo y limpieza"
985;"04";"165";"4";"0";"-"
986;"04";"166";"4";"0";"-"
987;"04";"167";"4";"0";"-"
988;"04";"168";"4";"0";"-"
989;"04";"169";"4";"5210703";"Materiales y herramientas menores"
990;"04";"170";"4";"5210703";"Materiales y herramientas menores"
991;"04";"171";"4";"5210703";"Materiales y herramientas menores"
992;"04";"172";"4";"5210703";"Materiales y herramientas menores"
993;"04";"173";"4";"5210703";"Materiales y herramientas menores"
994;"04";"174";"4";"5210703";"Materiales y herramientas menores"
995;"04";"175";"4";"5210703";"Materiales y herramientas menores"
996;"04";"176";"4";"5210106";"Gasolina"
997;"04";"177";"4";"0";"-"
998;"04";"178";"4";"0";"-"
999;"04";"165";"PY";"6820704";"accesorios"
1000;"04";"166";"PY";"6820704";"accesorios"
1001;"04";"167";"PY";"6820704";"accesorios"
1002;"04";"168";"PY";"6820704";"accesorios"
1003;"04";"169";"PY";"6820706";"Accesorios"
1004;"04";"170";"PY";"6820703";"Material eléctrico"
1005;"04";"171";"PY";"6820702";"Material de conexión"
1006;"04";"172";"PY";"6820701";"Ferretería de Línea"
1007;"04";"173";"PY";"6820703";"Material eléctrico"
1008;"04";"174";"PY";"6820703";"Material eléctrico"
1009;"04";"175";"PY";"6820701";"Ferretería de Línea"
1010;"04";"176";"PY";"6821103";"Combustible"
1011;"04";"177";"PY";"6820705";"Cable de tendido"
1012;"04";"178";"PY";"6820707";"Material de limpieza en instalación"
1013;"04";"165";"5";"7141108";"Otros Gastos Servicios"
1014;"04";"166";"5";"7141108";"Otros Gastos Servicios"
1015;"04";"167";"5";"7141108";"Otros Gastos Servicios"
1016;"04";"168";"5";"7141108";"Otros Gastos Servicios"
1017;"04";"169";"5";"7141108";"Otros Gastos Servicios"
1018;"04";"170";"5";"7141108";"Otros Gastos Servicios"
1019;"04";"171";"5";"7141108";"Otros Gastos Servicios"
1020;"04";"172";"5";"7141108";"Otros Gastos Servicios"
1021;"04";"173";"5";"7141108";"Otros Gastos Servicios"
1022;"04";"174";"5";"7141108";"Otros Gastos Servicios"
1023;"04";"175";"5";"7141108";"Otros Gastos Servicios"
1024;"04";"176";"5";"7141001";"Combustible"
1025;"04";"177";"5";"7141108";"Otros Gastos Servicios"
1026;"04";"178";"5";"7140809";"material de consumo y limpieza"
1027;"20";"180";"2";"7111501";"Equipo de Protección Personal"
1028;"20";"181";"2";"7111502";"Material de Consumo y Desinfección"
1029;"20";"182";"2";"7111503";"Permisos de Circulación"
1030;"20";"183";"2";"7111504";"Transporte"
1031;"20";"184";"2";"7111505";"Alimentación"
1032;"20";"185";"2";"7111506";"Otros Gastos BSG"
1033;"20";"180";"3";"7131401";"Equipo de Protección Personal"
1034;"20";"181";"3";"7131402";"Material de Consumo y Desinfección"
1035;"20";"182";"3";"7131403";"Permisos de Circulación"
1036;"20";"183";"3";"7131404";"Transporte"
1037;"20";"184";"3";"7131405";"Alimentación"
1038;"20";"185";"3";"7131406";"Otros Gastos BSG"
1039;"20";"180";"CO";"5831301";"Equipo de Protección Personal"
1040;"20";"181";"CO";"5831302";"Material de Consumo y Desinfección"
1041;"20";"182";"CO";"5831303";"Permisos de Circulación"
1042;"20";"183";"CO";"5831304";"Transporte"
1043;"20";"184";"CO";"5831305";"Alimentación"
1044;"20";"185";"CO";"5831306";"Otros Gastos BSG"
1045;"20";"180";"1";"6121901";"Equipo de Protección Personal"
1046;"20";"181";"1";"6121902";"Material de Consumo y Desinfección"
1047;"20";"182";"1";"6121903";"Permisos de Circulación"
1048;"20";"183";"1";"6121904";"Transporte"
1049;"20";"184";"1";"6121905";"Alimentación"
1050;"20";"185";"1";"6121906";"Otros Gastos BSG"
1051;"20";"180";"6";"7151401";"Equipo de Protección Personal"
1052;"20";"181";"6";"7151402";"Material de Consumo y Desinfección"
1053;"20";"182";"6";"7151403";"Permisos de Circulación"
1054;"20";"183";"6";"7151404";"Transporte"
1055;"20";"184";"6";"7151405";"Alimentación"
1056;"20";"185";"6";"7151406";"Otros Gastos BSG"
1057;"20";"180";"PY";"6822401";"Equipo de Protección Personal"
1058;"20";"181";"PY";"6822402";"Material de Consumo y Desinfección"
1059;"20";"182";"PY";"6822403";"Permisos de Circulación"
1060;"20";"183";"PY";"6822404";"Transporte"
1061;"20";"184";"PY";"6822405";"Alimentación"
1062;"20";"185";"PY";"6822406";"Otros Gastos BSG"
